,City,Cloudiness,Country,Date,Humidity,Lat,Lng,Max Temp,Wind Speed
0,Natal,40,BR,1592242354,62,-5.79,-35.21,87.8,10.29
1,Hilo,1,US,1592242585,83,19.73,-155.09,72.0,3.36
2,Bluff,32,NZ,1592242586,90,-46.6,168.33,49.01,9.84
3,Salalah,40,OM,1592242343,94,17.02,54.09,84.2,6.93
4,Mataura,5,NZ,1592242589,90,-46.19,168.86,43.27,3.89
5,Cape Town,0,ZA,1592242618,76,-33.93,18.42,59.0,10.29
6,Romilly-sur-Seine,11,FR,1592242651,60,48.51,3.73,69.8,11.41
7,Yar-Sale,93,RU,1592242653,54,66.83,70.83,57.15,16.64
8,Kajaani,98,FI,1592242655,49,64.23,27.73,73.4,6.93
9,Albany,19,US,1592242516,31,42.6,-73.97,73.99,2.53
10,Labuhan,57,ID,1592242658,86,-6.88,112.21,79.61,5.93
11,Mizdah,0,LY,1592242659,35,31.45,12.98,73.81,17.96
12,Saskylakh,74,RU,1592242661,62,71.92,114.08,53.22,10.07
13,Airai,23,TL,1592242662,100,-8.93,125.41,58.41,3.96
14,Huarmey,87,PE,1592242663,66,-10.07,-78.15,70.27,13.22
15,Caravelas,27,BR,1592242665,67,-17.71,-39.25,78.4,12.21
16,Saint Paul Harbor,1,US,1592242666,71,57.79,-152.41,51.8,5.82
17,Nagato,75,JP,1592242667,78,34.38,131.2,73.4,10.29
18,Thompson,40,CA,1592242581,50,55.74,-97.86,75.2,8.05
19,Udachny,26,RU,1592242670,61,66.42,112.4,46.4,8.95
20,Port Moresby,20,PG,1592242672,94,-9.44,147.18,77.0,5.82
21,Mar del Plata,62,AR,1592242606,54,-38.0,-57.56,57.99,13.87
22,Buchanan,75,LR,1592242674,88,5.88,-10.05,80.6,9.17
23,Vardø,20,NO,1592242676,57,70.37,31.11,48.2,31.09
24,Rikitea,53,PF,1592242677,82,-23.12,-134.97,75.45,15.48
25,Kavaratti,100,IN,1592242678,79,10.57,72.64,84.56,20.87
26,Sadon,20,RU,1592242680,64,42.85,44.0,77.0,4.47
27,Pemberton,90,CA,1592242681,81,50.32,-122.8,50.0,3.89
28,Puerto Ayora,40,EC,1592242682,69,-0.74,-90.35,78.8,13.87
29,Mahébourg,75,MU,1592242674,78,-20.41,57.7,71.6,16.11
30,Anchorage,1,US,1592242433,54,61.22,-149.9,59.0,8.05
31,Carnarvon,0,AU,1592242686,27,-24.87,113.63,66.7,17.87
32,Khorixas,0,NA,1592242688,27,-20.37,14.97,64.78,10.29
33,George Town,20,MY,1592242647,88,5.41,100.34,84.2,4.7
34,Pisco,75,PE,1592242534,77,-13.7,-76.22,66.2,6.93
35,Hihyā,0,EG,1592242692,37,30.67,31.59,86.0,17.22
36,Atuona,36,PF,1592242693,74,-9.8,-139.03,80.04,12.46
37,Nemuro,98,JP,1592242694,96,43.32,145.57,53.19,12.21
38,Ribeira Brava,75,PT,1592242696,83,32.65,-17.07,71.6,11.41
39,Hobart,40,AU,1592242446,58,-42.88,147.33,57.0,9.17
40,Maragogi,41,BR,1592242698,86,-9.01,-35.22,78.53,12.53
41,Tuktoyaktuk,40,CA,1592242700,48,69.45,-133.04,60.8,10.29
42,Dikson,99,RU,1592242667,91,73.51,80.55,33.85,20.67
43,Jamestown,90,US,1592242702,52,42.1,-79.24,66.99,3.36
44,Vaini,20,TO,1592242704,73,-21.2,-175.2,69.8,12.75
45,Tura,100,IN,1592242453,97,25.52,90.22,75.81,4.85
46,Khatanga,100,RU,1592242706,78,71.97,102.5,45.84,19.28
47,Port Alfred,62,ZA,1592242708,94,-33.59,26.89,57.0,1.99
48,Ushuaia,75,AR,1592242709,80,-54.8,-68.3,39.2,8.05
49,São Filipe,1,CV,1592242710,72,14.9,-24.5,79.0,9.66
50,Bengkulu,67,ID,1592242682,81,-3.8,102.27,78.3,4.43
51,Lázaro Cárdenas,5,MX,1592242713,56,17.96,-102.2,87.75,7.49
52,Pacific Grove,1,US,1592242474,60,36.62,-121.92,75.99,8.05
53,Ribeira Grande,40,PT,1592242716,68,38.52,-28.7,66.2,10.29
54,Pasni,55,PK,1592242717,86,25.26,63.47,84.25,9.46
55,Arraial do Cabo,40,BR,1592242720,69,-22.97,-42.03,75.2,6.93
56,Barrow,1,US,1592242492,80,71.29,-156.79,39.2,8.05
57,Viedma,39,AR,1592242722,38,-40.81,-63.0,56.39,14.9
58,Glendive,1,US,1592242724,28,47.11,-104.71,70.0,11.41
59,Busselton,100,AU,1592242725,77,-33.65,115.33,57.0,5.48
60,Kodinsk,17,RU,1592242726,79,58.69,99.18,45.36,2.15
61,Vila Franca do Campo,40,PT,1592242728,68,37.72,-25.43,66.2,12.75
62,Nikolskoye,31,RU,1592242729,53,59.7,30.79,77.0,6.71
63,Zhalantun,12,CN,1592242730,61,48.0,122.72,61.23,6.02
64,Avarua,75,CK,1592242732,68,-21.21,-159.78,69.8,10.29
65,Jinxiang,32,CN,1592242734,83,22.86,115.7,80.96,5.35
66,Beloha,3,MG,1592242736,93,-25.17,45.05,62.82,9.28
67,Artyom,9,AZ,1592242737,61,40.47,50.33,77.0,9.17
68,Geraldton,0,AU,1592242738,87,-28.77,114.6,50.0,3.36
69,Butaritari,18,KI,1592242740,74,3.07,172.79,82.83,8.21
70,Mīzan Teferī,92,ET,1592242741,92,6.98,35.58,63.88,0.54
71,Nantucket,75,US,1592242742,72,41.28,-70.1,66.0,21.92
72,Laguna,1,US,1592242744,49,38.42,-121.42,75.0,5.82
73,Kavieng,100,PG,1592242637,78,-2.57,150.8,82.11,9.86
74,Souillac,75,MU,1592242746,78,-20.52,57.52,71.6,16.11
75,Lagoa,87,PT,1592242749,87,39.05,-27.98,64.24,23.96
76,Ostrovnoy,83,RU,1592242750,72,68.05,39.51,46.17,7.27
77,Mīrābād,0,AF,1592242752,8,30.44,61.84,96.48,9.13
78,Kahului,20,US,1592242753,65,20.89,-156.47,78.8,16.11
79,Oyama,40,JP,1592242754,88,36.3,139.8,79.0,8.05
80,Channel-Port aux Basques,61,CA,1592242756,58,47.57,-59.14,52.2,10.02
81,Punta Arenas,40,CL,1592242458,81,-53.15,-70.92,42.8,5.82
82,Saint Anthony,1,US,1592242758,44,45.02,-93.22,78.8,13.87
83,Longyearbyen,75,SJ,1592242762,59,78.22,15.64,37.4,16.11
84,Keti Bandar,100,PK,1592242763,83,24.14,67.45,85.33,16.53
85,Araouane,0,ML,1592242765,6,18.9,-3.53,112.05,15.84
86,Loreto,0,MX,1592242766,30,22.27,-101.97,75.13,6.73
87,New Norfolk,96,AU,1592242767,79,-42.78,147.06,57.0,1.99
88,Taoudenni,0,ML,1592242769,7,22.68,-3.98,110.84,17.54
89,Port Keats,62,AU,1592242770,50,-14.25,129.55,74.46,10.94
90,Torbay,90,CA,1592242771,100,47.67,-52.73,54.0,4.7
91,Española,1,US,1592242572,23,35.99,-106.08,81.0,8.05
92,Gorin,100,RU,1592242775,80,51.2,136.67,48.38,6.51
93,Warrnambool,100,AU,1592242777,89,-38.38,142.48,55.0,17.43
94,Suntar,93,RU,1592242779,96,62.14,117.63,59.94,5.59
95,Laurel,1,US,1592242592,56,39.1,-76.85,75.99,11.41
96,Iskateley,100,RU,1592242783,74,67.68,53.15,48.54,16.11
97,Altus,40,US,1592242738,27,34.64,-99.33,90.0,14.99
98,Ola,0,RU,1592242787,73,59.58,151.28,49.98,1.36
99,Tasiilaq,75,GL,1592242789,75,65.61,-37.64,42.8,12.75
100,Mount Gambier,75,AU,1592242671,93,-37.83,140.77,53.6,10.29
101,Lorengau,50,PG,1592242791,76,-2.02,147.27,81.97,7.05
102,Pula,75,HR,1592242794,82,44.87,13.85,66.2,6.93
103,Lubyany,0,RU,1592242795,52,56.04,51.4,68.0,3.76
104,Tafo,61,GH,1592242797,81,6.73,-1.61,79.99,5.91
105,Vila Velha,75,BR,1592242670,74,-20.33,-40.29,78.8,10.29
106,Valdivia,90,CL,1592242501,93,-39.81,-73.25,50.0,6.93
107,Dengzhou,34,CN,1592242801,46,37.81,120.75,71.49,7.18
108,Prince Rupert,90,CA,1592242789,76,54.32,-130.32,53.6,3.36
109,Cayenne,95,GF,1592242688,83,4.93,-52.33,84.2,6.93
110,Hermanus,59,ZA,1592242635,85,-34.42,19.23,55.99,1.01
111,Lichuan,67,CN,1592242807,97,30.3,108.85,66.51,4.03
112,Saint-Philippe,48,RE,1592242809,69,-21.36,55.77,73.4,19.46
113,Tarakan,51,ID,1592242810,80,3.3,117.63,80.8,2.95
114,Santa Cruz,12,MA,1592242629,54,30.42,-9.6,78.8,19.46
115,East London,69,ZA,1592242813,73,-33.02,27.91,62.22,6.64
116,Moranbah,53,AU,1592242814,54,-22.0,148.05,62.42,19.86
117,San Jerónimo,100,PE,1592242816,43,-11.95,-75.28,59.07,1.79
118,South Venice,1,US,1592242817,58,27.05,-82.42,88.0,11.41
119,İstisu,75,AZ,1592242818,32,40.95,48.07,82.4,8.05
120,Porangatu,0,BR,1592242820,33,-13.44,-49.15,87.89,6.93
121,Hithadhoo,89,MV,1592242634,75,-0.6,73.08,84.72,14.2
122,Poum,0,NC,1592242822,78,-20.23,164.02,73.94,17.25
123,Sumbawanga,20,TZ,1592242824,72,-7.97,31.62,59.0,3.47
124,Yangi Marg`ilon,3,UZ,1592242825,27,40.43,71.72,78.8,9.17
125,La Ronge,75,CA,1592242826,49,55.1,-105.28,71.6,6.93
126,Marystown,100,CA,1592242828,92,47.17,-55.15,52.56,1.23
127,Road Town,40,VG,1592242829,62,18.42,-64.62,89.6,11.41
128,Surskoye,0,RU,1592242830,84,54.48,46.72,55.92,3.51
129,Cap Malheureux,13,MU,1592242832,81,-19.98,57.61,69.01,8.99
130,College,75,US,1592242833,82,64.86,-147.8,66.0,3.29
131,Carutapera,93,BR,1592242834,78,-1.2,-46.02,83.23,7.45
132,Norman Wells,75,CA,1592242662,39,65.28,-126.83,62.6,10.29
133,Licata,20,IT,1592242837,24,37.11,13.95,80.6,18.34
134,Ekibastuz,86,KZ,1592242576,44,51.67,75.37,59.09,15.01
135,Roebourne,0,AU,1592242840,38,-20.78,117.13,70.95,13.87
136,Colón,40,PA,1592242841,100,9.36,-79.9,77.0,5.01
137,Cavalcante,0,BR,1592242843,41,-13.8,-47.46,78.06,11.14
138,Poso,58,ID,1592242845,83,-1.4,120.75,76.28,4.16
139,Port Elizabeth,20,ZA,1592242641,93,-33.92,25.57,55.4,8.05
140,Hasaki,75,JP,1592242848,83,35.73,140.83,72.0,9.17
141,Singkang,20,MY,1592242849,88,2.1,102.8,80.6,2.24
142,Novosheshminsk,9,RU,1592242851,79,55.07,51.23,56.97,1.7
143,Yumen,42,CN,1592242852,38,40.28,97.2,67.59,8.28
144,Bowen,90,AU,1592242853,88,-20.02,148.23,71.01,4.7
145,Provideniya,80,RU,1592242855,53,64.38,-173.3,55.89,2.64
146,Vestmanna,78,FO,1592242856,93,62.16,-7.17,53.6,6.93
147,Tateyama,99,JP,1592242858,85,34.98,139.87,75.99,5.01
148,Soldotna,1,US,1592242859,62,60.49,-151.06,57.0,8.05
149,Quatre Cocos,75,MU,1592242860,78,-20.21,57.76,71.6,16.11
150,Boda,73,CF,1592242862,82,4.32,17.47,74.84,2.35
151,Severo-Kuril'sk,100,RU,1592242654,92,50.68,156.12,40.89,14.29
152,Faanui,82,PF,1592242864,80,-16.48,-151.75,80.55,16.08
153,Kumul,5,CN,1592242867,19,42.8,93.45,80.1,12.88
154,Da’an,83,CN,1592242868,87,33.06,106.3,70.0,2.86
155,Shakhovskaya,75,RU,1592242870,94,56.03,35.51,61.11,6.82
156,Mitsamiouli,23,KM,1592242692,74,-11.38,43.28,76.82,14.83
157,Dalbandin,0,PK,1592242872,9,28.89,64.41,92.34,5.44
158,Yulara,90,AU,1592242709,49,-25.24,130.99,48.2,9.17
159,Kapaa,40,US,1592242701,83,22.08,-159.32,77.0,14.99
160,Cidreira,35,BR,1592242876,78,-30.18,-50.21,61.68,16.37
161,Batetskiy,86,RU,1592242878,84,58.65,30.3,69.17,4.56
162,Karasburg,0,NA,1592242880,38,-28.02,18.75,48.58,10.98
163,Grootfontein,0,NA,1592242882,43,-19.57,18.12,52.65,4.56
164,Yellowknife,75,CA,1592242871,62,62.46,-114.35,57.2,24.16
165,Nome,90,US,1592242884,67,64.5,-165.41,57.2,3.36
166,Kailua,40,US,1592242886,54,21.4,-157.74,84.2,11.41
167,Nanortalik,77,GL,1592242887,75,60.14,-45.24,40.82,6.35
168,Pimenta Bueno,7,BR,1592242888,43,-11.67,-61.19,90.32,2.57
169,Panguipulli,90,CL,1592242890,93,-39.63,-72.33,50.0,6.93
170,Tiznit Province,0,MA,1592242702,22,29.58,-9.5,80.28,6.87
171,Verkhnyaya Inta,97,RU,1592242894,57,65.98,60.31,63.68,14.74
172,Vyazemskiy,100,RU,1592242895,96,47.54,134.75,50.67,4.18
173,Vostok,94,RU,1592242896,100,46.49,135.88,46.51,0.56
174,Khāsh,0,IR,1592242898,13,28.22,61.22,80.49,2.55
175,Laas,75,IT,1592242899,71,46.62,10.7,57.2,9.17
176,Eilat,0,IL,1592242900,24,29.56,34.95,91.4,6.93
177,Qaanaaq,70,GL,1592242645,84,77.48,-69.36,35.6,5.55
178,Naze,40,JP,1592242903,100,28.37,129.48,78.8,8.05
179,Barra do Corda,12,BR,1592242769,59,-5.5,-45.25,87.22,7.23
180,Bisira,96,PA,1592242906,94,8.52,-81.71,68.34,1.05
181,Cherskiy,100,RU,1592242907,43,68.75,161.3,67.44,4.36
182,Bethel,75,US,1592242612,43,41.37,-73.41,73.99,9.17
183,Smithers,75,CA,1592242910,54,54.78,-127.17,55.4,5.82
184,Kinablangan,96,PH,1592242911,89,7.69,126.55,75.47,4.43
185,Ikryanoye,91,RU,1592242912,30,46.09,47.73,80.6,15.66
186,Goderich,0,CA,1592242914,54,43.75,-81.72,71.01,1.99
187,Chokurdakh,14,RU,1592242915,53,70.63,147.92,66.2,7.43
188,Brodnica,16,PL,1592242916,70,53.26,19.4,70.0,2.64
189,Springbok,0,ZA,1592242918,45,-29.66,17.89,51.15,12.33
190,Kupang,20,ID,1592242680,84,-10.17,123.58,76.6,10.25
191,Saurimo,6,AO,1592242920,43,-9.66,20.39,65.53,3.11
192,Narasannapeta,100,IN,1592242923,90,18.42,84.05,82.29,3.78
193,Adrar,9,MR,1592242684,9,20.5,-10.07,108.19,16.89
194,Hammerfest,75,NO,1592242926,86,70.66,23.68,41.0,34.45
195,Wuzhou,25,CN,1592242927,95,23.48,111.32,75.54,1.57
196,Atasū,22,KZ,1592242928,76,48.68,71.64,62.62,12.73
197,Talakan,46,RU,1592242930,88,50.32,130.37,51.37,4.85
198,Isangel,11,VU,1592242931,77,-19.55,169.27,72.93,18.86
199,Bambous Virieux,75,MU,1592242679,78,-20.34,57.76,71.6,16.11
200,Richmond,90,US,1592242746,88,37.55,-77.46,66.2,9.17
201,Lebu,100,CL,1592242935,76,-37.62,-73.65,54.16,27.34
202,Beaverlodge,75,CA,1592242936,54,55.22,-119.44,53.6,31.09
203,Saint-François,4,FR,1592242939,52,46.42,3.91,73.99,6.93
204,Kibala,84,TD,1592242940,55,9.11,18.35,87.8,8.08
205,Tete,20,MZ,1592242942,44,-16.16,33.59,75.2,4.7
206,El Alto,15,PE,1592242943,65,-4.27,-81.21,78.8,17.22
207,Amuntai,23,ID,1592242944,97,-2.42,115.25,74.39,2.01
208,Ciudad del Carmen,20,MX,1592242697,74,18.63,-91.83,84.2,6.93
209,Tisul',82,RU,1592242801,94,55.76,88.31,45.77,5.77
210,Port Lincoln,100,AU,1592242950,82,-34.73,135.87,59.0,13.27
211,Goroka,10,PG,1592242951,87,-6.08,145.39,58.17,1.25
212,Pagudpud,74,PH,1592242952,80,18.56,120.79,80.76,4.92
213,Cabo San Lucas,5,MX,1592242954,45,22.89,-109.91,93.2,4.7
214,Alyangula,1,AU,1592242955,94,-13.85,136.42,69.8,3.36
215,Codrington,100,AU,1592242956,85,-38.27,141.97,53.56,13.69
216,Mackay,90,AU,1592242959,88,-21.15,149.2,69.8,8.05
217,Mogadishu,84,SO,1592242960,79,2.04,45.34,79.41,19.86
218,Aklavik,75,CA,1592242688,76,68.22,-135.01,55.4,6.93
219,Padang,97,ID,1592242964,80,-0.95,100.35,78.71,5.06
220,Ciudad Bolivar,70,VE,1592242965,41,8.12,-63.55,95.27,3.89
221,Broken Hill,0,AU,1592242703,57,-31.95,141.43,51.8,9.17
222,Tigzirt,0,DZ,1592242968,49,36.89,4.12,73.83,2.95
223,Onguday,74,RU,1592242969,81,50.75,86.15,47.57,1.72
224,Rangāpāra,76,IN,1592242971,88,26.82,92.65,79.84,2.68
225,Kuopio,5,FI,1592242972,36,62.89,27.68,77.0,8.05
226,Batalha,89,BR,1592242973,94,-9.68,-37.12,72.97,9.4
227,Hambantota,19,LK,1592242975,81,6.12,81.12,82.54,17.05
228,Malaia,20,RO,1592242976,73,45.35,24.03,69.8,3.36
229,Dungarvan,20,IE,1592242977,77,52.09,-7.63,64.99,9.17
230,Clyde River,75,CA,1592242979,94,70.47,-68.59,32.0,20.8
231,São João da Barra,90,BR,1592242981,78,-21.64,-41.05,75.2,13.87
232,Upernavik,100,GL,1592242983,88,72.79,-56.15,34.43,3.36
233,Bredasdorp,19,ZA,1592242984,87,-34.53,20.04,51.8,5.88
234,Preslav,100,BG,1592242985,88,43.17,26.82,66.45,4.0
235,Katsuura,75,JP,1592242987,83,35.13,140.3,75.99,12.75
236,Pangody,79,RU,1592242988,61,65.85,74.49,51.19,10.0
237,Esperance,90,AU,1592242989,87,-33.87,121.9,50.0,8.05
238,Smidovich,100,RU,1592242991,92,48.6,133.82,50.61,6.62
239,Meulaboh,100,ID,1592242992,89,4.14,96.13,77.61,5.39
240,Los Llanos de Aridane,50,ES,1592242993,65,28.66,-17.92,78.8,3.36
241,Kousséri,12,CM,1592242995,41,12.08,15.03,95.0,4.7
242,Hailar,15,CN,1592242996,48,49.2,119.7,59.94,6.42
243,Togur,7,RU,1592242997,86,58.36,82.83,42.39,6.49
244,The Valley,40,AI,1592242999,58,18.22,-63.06,87.8,18.34
245,Miguel Alves,11,BR,1592243000,53,-4.17,-42.9,88.47,5.91
246,Zaysan,80,KZ,1592243003,56,47.47,84.87,64.71,4.72
247,Jumla,32,NP,1592243004,71,29.27,82.18,59.5,1.63
248,City of San Pedro,75,PH,1592243005,83,14.35,121.02,82.4,2.24
249,Killybegs,90,IE,1592243007,100,54.63,-8.45,55.4,9.17
250,Alice Springs,92,AU,1592243009,56,-23.7,133.88,52.0,7.99
251,San Patricio,5,MX,1592243011,66,19.22,-104.7,86.0,5.82
252,Sandy Bay,40,AU,1592243012,58,-42.91,147.35,57.0,9.17
253,Omsukchan,32,RU,1592243013,53,62.53,155.8,58.01,5.19
254,Coquimbo,90,CL,1592242843,76,-29.95,-71.34,57.2,5.82
255,Ponta do Sol,75,PT,1592243016,83,32.67,-17.1,71.6,11.41
256,Freeport,1,US,1592242995,60,40.66,-73.58,73.99,10.29
257,Alpena,1,US,1592243019,37,45.06,-83.43,69.8,10.29
258,Dauphin,75,CA,1592243020,73,51.15,-100.05,71.6,17.22
259,Yatou,67,CN,1592243021,50,37.15,122.38,69.06,5.17
260,Kutum,44,SD,1592243023,20,14.2,24.67,85.71,9.93
261,Tiruchchendur,79,IN,1592243025,71,8.48,78.12,85.19,15.9
262,Haines Junction,47,CA,1592243027,50,60.75,-137.51,60.84,1.66
263,Kungurtug,71,RU,1592243028,87,50.6,97.52,51.35,1.28
264,Faya,28,SA,1592243029,47,18.39,42.45,77.0,4.7
265,Iqaluit,75,CA,1592243006,74,63.75,-68.51,37.4,20.8
266,Kysyl-Syr,5,RU,1592243032,61,63.9,122.76,55.56,8.08
267,Linda,1,US,1592243033,53,39.13,-121.55,75.99,8.05
268,Portland,100,US,1592242478,94,45.52,-122.68,59.0,6.55
269,Port Blair,100,IN,1592243036,82,11.67,92.75,82.69,16.49
270,Bemidji,1,US,1592243037,53,47.47,-94.88,75.2,17.22
271,Mae Sai,90,TH,1592243039,100,20.43,99.88,75.2,2.24
272,Lavrentiya,76,RU,1592243041,62,65.58,-171.0,48.2,3.06
273,Port Macquarie,0,AU,1592242945,93,-31.43,152.92,46.4,5.82
274,Naryan-Mar,100,RU,1592243044,74,67.67,53.09,48.56,16.17
275,Tiksi,100,RU,1592243045,60,71.69,128.87,52.88,11.95
276,Marzuq,90,YE,1592243046,23,14.4,46.47,88.57,1.99
277,Zhezkazgan,0,KZ,1592243048,49,47.8,67.71,56.52,24.81
278,Molo,100,KE,1592243049,96,-0.25,35.74,54.05,0.87
279,San Cristobal,40,VE,1592243047,48,7.77,-72.22,87.8,23.04
280,Acaraú,15,BR,1592243053,68,-2.89,-40.12,85.44,9.64
281,Wenling,97,CN,1592243054,97,28.37,121.36,80.01,1.99
282,Praia da Vitória,90,PT,1592243056,93,38.73,-27.07,64.4,9.28
283,Verkhoyansk,94,RU,1592243057,57,67.54,133.38,60.17,9.64
284,Quelimane,20,MZ,1592243058,77,-17.88,36.89,69.8,11.41
285,Bishoftu,93,ET,1592243060,61,8.75,38.98,68.36,4.94
286,Havøysund,75,NO,1592243061,81,71.0,24.66,42.8,19.46
287,Cairns,90,AU,1592243062,94,-16.92,145.77,71.6,10.29
288,Taltal,73,CL,1592243064,68,-25.4,-70.48,62.38,3.96
289,Price,1,US,1592243069,18,39.6,-110.81,73.4,6.93
290,Dezful,0,IR,1592243070,9,32.38,48.41,99.46,13.04
291,Vestmannaeyjar,75,IS,1592243071,66,63.44,-20.27,50.0,12.75
292,Ilhabela,79,BR,1592243073,83,-23.78,-45.36,69.58,10.2
293,Mocuba,58,MZ,1592243074,96,-16.84,36.99,60.8,3.91
294,Kaitangata,1,NZ,1592243075,77,-46.28,169.85,46.0,4.0
295,Kuching,40,MY,1592242899,94,1.55,110.33,75.2,2.24
296,Trincomalee,95,LK,1592243078,74,8.57,81.23,83.84,15.48
297,Hualmay,85,PE,1592243079,69,-11.1,-77.61,68.45,13.2
298,Preobrazheniye,89,RU,1592243081,91,42.9,133.91,52.7,4.0
299,Kandrian,39,PG,1592243082,89,-6.22,149.55,77.27,4.76
300,Korostyshiv,0,UA,1592243083,89,50.32,29.06,68.23,5.19
301,Blackwater,0,AU,1592243085,52,-23.58,148.88,57.67,9.4
302,Bambanglipuro,35,ID,1592243086,89,-7.95,110.28,78.12,8.57
303,Nhulunbuy,36,AU,1592243087,82,-12.23,136.77,78.26,14.72
304,Talnakh,7,RU,1592243089,65,69.49,88.4,41.0,8.95
305,Harper,100,LR,1592243090,82,4.38,-7.72,79.29,7.72
306,Bougouni,13,ML,1592243092,28,11.42,-7.48,99.14,6.17
307,Kamenka,0,RU,1592243093,46,51.32,42.77,69.01,11.63
308,Castro,89,BR,1592243094,79,-24.79,-50.01,62.56,8.75
309,Yongchang,100,CN,1592243096,92,30.04,119.73,80.01,1.72
310,Maniitsoq,100,GL,1592243097,87,65.42,-52.9,37.74,8.59
311,Bichena,97,ET,1592243098,54,10.45,38.2,61.9,3.22
312,Ancud,99,CL,1592243100,87,-41.87,-73.82,50.0,6.93
313,Port-Gentil,90,GA,1592243101,88,-0.72,8.78,77.0,10.29
314,Marsá Maţrūḩ,0,EG,1592243102,69,31.35,27.25,75.2,6.93
315,Camocim,31,BR,1592243104,64,-2.9,-40.84,86.5,7.65
316,Sungai Penuh,81,ID,1592243105,94,-2.08,101.38,65.62,3.69
317,Tūkrah,0,LY,1592243106,68,32.53,20.58,73.67,20.18
318,Posse,0,BR,1592243108,45,-14.09,-46.37,79.02,12.28
319,Cockburn Town,40,TC,1592243109,70,21.46,-71.14,86.0,13.87
320,Weligama,26,LK,1592243112,88,5.97,80.42,81.54,9.26
321,Portmore,20,JM,1592243113,74,17.97,-76.87,87.8,20.8
322,Antofagasta,75,CL,1592242931,67,-23.65,-70.4,62.6,12.75
323,Dāmghān,1,IR,1592243116,26,36.17,54.35,82.81,12.53
324,George Town,20,MY,1592243117,88,5.41,100.34,84.2,4.7
325,Sault Ste. Marie,1,CA,1592242946,40,46.52,-84.33,69.8,10.29
326,Nizhnevartovsk,36,RU,1592243121,76,60.93,76.55,48.2,2.24
327,Baykit,45,RU,1592243124,86,61.67,96.37,43.05,2.75
328,Tibati,49,CM,1592243125,81,6.47,12.63,72.97,3.87
329,Buraidah,7,SA,1592243127,15,26.33,43.98,104.0,2.24
330,Quimbaya,40,CO,1592243128,61,4.62,-75.76,80.6,3.44
331,Barão de Melgaço,20,BR,1592243129,54,-16.19,-55.97,82.4,4.7
332,Moroni,38,KM,1592243131,77,-11.7,43.26,74.61,14.74
333,Laramie,1,US,1592243132,25,41.31,-105.59,70.0,11.41
334,Dingle,100,PH,1592243133,88,11.0,122.67,77.2,5.55
335,Uniontown,78,US,1592243103,35,39.9,-79.72,75.0,1.99
336,Ahipara,100,NZ,1592243137,86,-35.17,173.17,56.32,8.7
337,Coos Bay,90,US,1592243139,87,43.37,-124.22,59.0,8.05
338,Emirdağ,65,TR,1592243140,61,39.02,31.15,66.9,4.14
339,Florianópolis,75,BR,1592243122,63,-27.61,-48.5,70.0,10.29
340,Berbérati,71,CF,1592243143,91,4.26,15.79,72.54,1.23
341,Hofn,90,IS,1592243145,93,64.25,-15.21,50.0,14.99
342,Okhotsk,1,RU,1592243147,80,59.38,143.3,45.77,6.51
343,Port Hedland,5,AU,1592243148,45,-20.32,118.57,64.4,6.93
344,Pimentel,16,PE,1592243150,60,-6.84,-79.93,73.4,16.11
345,Eyl,16,SO,1592243151,54,7.98,49.82,85.6,21.12
346,Murgab,0,TM,1592243152,27,37.5,61.97,91.4,2.24
347,Lüderitz,0,NA,1592243154,16,-26.65,15.16,75.2,10.29
348,Bonthe,98,SL,1592243155,76,7.53,-12.51,81.93,9.6
349,Bana,5,CM,1592243156,100,5.15,10.28,64.33,1.63
350,Kenai,20,US,1592243158,66,60.55,-151.26,57.0,12.75
351,Ubari,0,LY,1592243159,13,26.59,12.78,90.41,12.93
352,Palana,0,RU,1592243160,73,59.12,159.97,49.77,2.53
353,Rio Grande,40,BR,1592243009,68,-32.03,-52.1,64.4,16.11
354,Henties Bay,0,NA,1592243163,66,-22.12,14.28,64.99,3.0
355,Saint-Augustin,22,CA,1592243164,38,51.23,-58.65,61.48,18.61
356,Mokhotlong,0,LS,1592243167,76,-29.29,29.07,29.23,5.79
357,Puerto Escondido,5,MX,1592243168,66,15.85,-97.07,87.8,8.05
358,Ucluelet,90,CA,1592242976,100,48.93,-125.55,53.01,6.93
359,Constitución,100,CL,1592243172,83,-35.33,-72.42,55.22,25.14
360,Chivilcoy,63,AR,1592243174,44,-34.9,-60.02,53.51,11.95
361,São João do Piauí,0,BR,1592243175,36,-8.36,-42.25,89.17,9.73
362,Le Portel,10,FR,1592243177,77,50.71,1.58,64.4,4.7
363,Feijó,5,BR,1592243178,48,-8.16,-70.35,89.38,3.74
364,Batagay,76,RU,1592243179,56,67.63,134.63,60.39,7.11
365,Warwick,75,US,1592243181,49,41.7,-71.42,73.99,13.87
366,Río Tercero,0,AR,1592243182,36,-32.17,-64.11,64.0,3.0
367,Gigmoto,96,PH,1592243183,81,13.78,124.39,79.93,4.34
368,Nísia Floresta,40,BR,1592243185,62,-6.09,-35.21,86.0,10.29
369,Dhārchula,27,IN,1592243186,64,29.85,80.53,68.56,3.27
370,Rocha,95,UY,1592243187,68,-34.48,-54.33,56.03,8.59
371,De Aar,0,ZA,1592243190,45,-30.65,24.01,45.81,8.48
372,Gravdal,40,NO,1592243191,76,68.12,13.5,50.0,16.11
373,Chapais,1,CA,1592243193,26,49.78,-74.85,71.6,11.41
374,Bonavista,100,CA,1592243194,79,48.65,-53.11,46.0,1.99
375,Xudat,83,AZ,1592243195,57,41.63,48.68,73.58,4.59
376,Griffith,1,US,1592243190,40,41.53,-87.42,72.0,7.96
377,Khandyga,7,RU,1592243198,70,62.67,135.6,52.23,1.52
378,Witu,50,KE,1592243199,74,-2.39,40.44,77.38,16.06
379,Sakakah,0,SA,1592243201,16,29.97,40.21,93.2,13.87
380,Yunyang,98,CN,1592243202,66,33.45,112.71,75.22,9.91
381,Zhigansk,90,RU,1592243203,54,66.77,123.37,57.34,21.07
382,Sutysky,3,UA,1592243205,53,49.04,28.42,77.0,5.99
383,Pecos,1,US,1592243206,25,31.42,-103.49,86.0,13.87
384,Barra de Tecoanapa,1,MX,1592243209,61,16.52,-98.75,86.94,9.24
385,Marsaxlokk,0,MT,1592243210,68,35.84,14.54,72.0,24.16
386,Kargasok,18,RU,1592243212,83,59.06,80.86,41.16,7.05
387,Southbridge,7,US,1592242921,46,42.08,-72.03,70.0,3.0
388,Klaksvík,91,FO,1592243214,93,62.23,-6.59,53.6,6.93
389,Lugovoy,59,KZ,1592243216,30,42.95,72.76,75.72,12.75
390,Sambava,96,MG,1592243217,81,-14.27,50.17,72.73,10.69
391,Caborca,0,MX,1592243218,35,30.58,-111.1,93.99,3.0
392,Salair,24,RU,1592243220,92,54.23,85.8,43.39,2.15
393,Saldanha,0,ZA,1592243113,71,-33.01,17.94,57.2,4.7
394,Sakaiminato,20,JP,1592243222,88,35.55,133.23,66.2,5.82
395,Mariental,0,NA,1592243224,31,-24.63,17.97,55.69,10.83
396,Krasnosel'kup,70,RU,1592243225,60,65.7,82.47,43.7,7.09
397,San Fernando del Valle de Catamarca,0,AR,1592243228,51,-28.47,-65.79,70.0,3.0
398,Manicoré,40,BR,1592243229,59,-5.81,-61.3,89.6,5.82
399,Pevek,2,RU,1592243230,83,69.7,170.31,39.42,1.79
400,Riyadh,27,SA,1592242998,13,24.69,46.72,100.4,4.7
401,Te Anau,89,NZ,1592243233,86,-45.42,167.72,51.64,5.32
402,Port Hawkesbury,20,CA,1592243234,71,45.62,-61.35,61.0,11.41
403,Praia,0,CV,1592243236,55,14.92,-23.51,86.0,8.05
404,Tot'ma,4,RU,1592243237,79,59.97,42.76,61.39,4.79
405,Senanga,1,ZM,1592243240,49,-16.12,23.27,62.74,8.03
406,Baie-Comeau,40,CA,1592243241,51,49.22,-68.15,60.8,13.87
407,Chunhuhub,19,MX,1592243243,55,19.55,-88.68,89.46,2.93
408,Flinders,0,AU,1592243244,65,-34.58,150.86,60.01,7.0
409,Davila,77,PH,1592243245,79,18.47,120.58,82.35,6.91
410,Vikulovo,14,RU,1592243247,79,56.82,70.61,48.24,2.98
411,Ilulissat,75,GL,1592243248,80,69.22,-51.1,35.6,3.36
412,Atambua,23,ID,1592243250,89,-9.11,124.89,72.52,5.3
413,Fortuna,75,US,1592243251,93,40.6,-124.16,63.0,4.7
414,Saint George,1,US,1592243252,15,37.1,-113.58,89.01,4.7
415,Locri,20,IT,1592243255,60,38.24,16.26,73.4,13.87
416,Pitkyaranta,0,RU,1592243258,69,61.57,31.48,59.85,1.16
417,Wakkanai,75,JP,1592243259,94,45.41,141.67,54.18,5.59
418,Pangnirtung,75,CA,1592243261,75,66.15,-65.71,41.0,18.34
419,Princeton,75,US,1592243262,78,25.54,-80.41,90.0,9.17
420,Hermosillo,5,MX,1592243079,23,29.07,-110.97,100.0,5.82
421,Mauá,75,BR,1592243082,68,-23.67,-46.46,71.6,9.17
422,Waliso,92,ET,1592243266,88,8.53,37.98,60.28,1.95
423,Vitim,100,RU,1592243267,91,59.45,112.56,57.09,1.07
424,Winneba,80,GH,1592243269,78,5.35,-0.62,82.4,11.41
425,San Quintín,75,MX,1592243270,63,30.48,-115.95,68.16,8.5
426,Mana,100,GF,1592243273,79,5.66,-53.78,82.35,6.02
427,Frederiksberg,3,DK,1592243274,40,55.68,12.53,72.0,4.7
428,Rassvet,100,RU,1592243275,80,46.83,40.75,67.96,4.0
429,Srīvardhan,100,IN,1592243278,86,18.03,73.02,81.93,5.37
430,Leopold,100,AU,1592243279,87,-38.18,144.47,55.4,12.75
431,Khasan,59,RU,1592243281,77,42.43,130.64,59.9,8.59
432,Paamiut,96,GL,1592243282,85,61.99,-49.67,40.46,17.07
433,Preeceville,53,CA,1592243284,48,51.95,-102.67,65.89,19.62
434,Samarai,23,PG,1592243286,83,-10.62,150.67,79.81,17.22
435,São Mateus do Sul,99,BR,1592243288,72,-25.87,-50.38,65.71,2.35
436,Kasongo-Lunda,70,CD,1592243289,44,-6.47,16.82,75.6,1.63
437,La Tuque,32,CA,1592243290,27,47.43,-72.78,74.82,4.59
438,Palmer,75,US,1592243292,37,42.16,-72.33,73.0,10.29
439,Kirakira,19,SB,1592243293,82,-10.45,161.92,79.27,12.1
440,Igarka,29,RU,1592243294,62,67.47,86.58,42.96,6.13
441,Dubti,98,ET,1592243296,12,11.74,41.09,100.8,5.75
442,Narsaq,75,GL,1592243297,56,60.92,-46.05,44.6,9.17
443,Rüsselsheim am Main,20,DE,1592243298,77,49.99,8.44,69.01,3.36
444,Khandagayty,80,RU,1592243300,66,50.73,92.05,54.52,12.01
445,Itupiranga,40,BR,1592243301,49,-5.13,-49.33,93.2,5.82
446,Quirinópolis,0,BR,1592243302,39,-18.45,-50.45,80.62,12.28
447,Berdigestyakh,10,RU,1592243304,93,62.1,126.7,49.35,2.55
448,Teahupoo,75,PF,1592243305,83,-17.83,-149.27,77.0,3.36
449,Pinyug,19,RU,1592243306,76,60.25,47.78,60.15,5.44
450,Tapes,61,BR,1592243308,78,-30.67,-51.4,60.4,7.29
451,Apatity,87,RU,1592243309,84,67.56,33.4,50.85,6.64
452,Marabu,75,MY,1592243310,100,4.41,114.01,78.8,4.38
453,Margate,20,GB,1592243312,60,51.38,1.39,72.0,5.82
454,Yakeshi,42,CN,1592243313,60,49.28,120.73,55.65,5.12
455,Salinas,1,US,1592243314,60,36.68,-121.66,73.0,4.7
456,Kuala Terengganu,20,MY,1592243316,94,5.33,103.14,78.8,3.36
457,Bandarbeyla,60,SO,1592243317,64,9.49,50.81,82.96,26.35
458,Tegul'det,78,RU,1592243318,96,57.31,88.17,42.8,4.32
459,Astoria,90,US,1592243320,93,46.19,-123.83,57.99,6.93
460,Ingham,1,US,1592243244,46,42.6,-84.38,71.6,5.82
461,Sibolga,100,ID,1592243322,76,1.74,98.78,80.1,2.3
462,Saint-Gilles,26,FR,1592243324,32,43.68,4.43,80.6,11.41
463,Severnoye,3,RU,1592243325,77,56.35,78.36,42.46,5.03
464,Chongwe,69,ZM,1592243326,67,-15.33,28.68,59.0,3.36
465,Honningsvåg,75,NO,1592243328,65,70.98,25.97,44.6,18.34
466,Potchefstroom,34,ZA,1592243329,47,-26.72,27.1,46.15,7.83
467,Ryōtsu-minato,13,JP,1592243330,88,38.08,138.43,68.0,4.7
468,São Luiz Gonzaga,78,BR,1592243332,84,-28.41,-54.96,70.79,6.33
469,Ballina,90,AU,1592243333,93,-28.87,153.57,57.2,6.91
470,Kununurra,48,AU,1592243334,37,-15.77,128.73,75.2,3.36
471,Bosaso,98,SO,1592243336,46,11.28,49.18,92.35,4.94
472,Annau,40,TM,1592243337,18,37.89,58.52,91.4,4.7
473,Staroutkinsk,14,RU,1592243338,67,57.23,59.33,52.92,1.63
474,Touros,40,BR,1592243340,62,-5.2,-35.46,86.0,10.29
475,Elizabeth City,90,US,1592243063,93,36.29,-76.25,66.2,13.87
476,Bay Roberts,90,CA,1592243342,100,47.6,-53.26,50.0,3.36
477,Arman',0,RU,1592243344,72,59.7,150.17,49.59,1.77
478,Inuvik,75,CA,1592243345,48,68.35,-133.72,62.6,11.41
479,Vinh,100,VN,1592243346,83,18.67,105.67,79.18,4.05
480,Dauriya,1,RU,1592243348,49,49.93,116.87,62.87,2.55
481,Otane,100,NZ,1592243349,72,-39.88,176.63,53.01,1.01
482,Churapcha,0,RU,1592243350,77,62.0,132.43,50.68,5.57
483,Aripuanã,21,BR,1592243352,41,-9.17,-60.63,90.72,4.43
484,Husavik,75,IS,1592243353,62,66.04,-17.34,57.2,25.28
485,Port Hardy,90,CA,1592243356,87,50.7,-127.42,51.8,14.99
486,Plettenberg Bay,86,ZA,1592243357,70,-34.05,23.37,58.55,2.37
487,Sinop Province,73,TR,1592243358,83,41.77,34.87,60.96,7.96
488,Lakes Entrance,78,AU,1592243360,61,-37.88,147.98,57.33,9.71
489,Sevierville,90,US,1592243276,55,35.87,-83.56,70.0,9.17
490,Gossaigaon,77,IN,1592243362,91,26.45,89.99,80.24,1.25
491,Urgut,0,UZ,1592243364,28,39.4,67.24,82.4,4.7
492,Negombo,40,LK,1592243365,83,7.21,79.84,84.2,6.93
493,Deda,48,RO,1592243368,88,46.93,24.9,68.0,4.7
494,Porto-Novo,20,BJ,1592243369,83,6.5,2.6,82.4,9.17
495,Athabasca,100,CA,1592243371,92,54.72,-113.29,49.19,10.36
496,Hinton,56,CA,1592243364,33,53.4,-117.59,60.93,10.22
497,Kushima,90,JP,1592243373,88,31.46,131.23,73.4,11.41
498,Arrecife,37,ES,1592243375,57,28.96,-13.55,80.6,9.17
499,Beira,20,MZ,1592243376,64,-19.84,34.84,71.6,10.29
500,Morón,81,AR,1592243377,41,-34.65,-58.62,61.0,11.41
501,Okha,100,RU,1592243379,97,53.57,142.95,36.86,8.66
502,Sassandra,99,CI,1592243380,88,4.95,-6.08,78.64,7.27
503,Bon Air,90,US,1592243381,93,37.52,-77.56,64.99,6.93
504,Grand-Santi,92,GF,1592243383,52,4.25,-54.38,90.68,2.55
505,Burnie,81,AU,1592243384,85,-41.07,145.92,54.0,10.0
506,Winslow,1,US,1592243385,14,35.02,-110.7,82.4,6.93
507,Cabedelo,40,BR,1592243388,70,-6.98,-34.83,86.0,8.05
508,Cervo,74,ES,1592243389,78,43.67,-7.41,64.0,4.0
509,Aného,20,TG,1592243391,78,6.23,1.6,82.4,8.05
510,Dunedin,1,NZ,1592243392,61,-45.87,170.5,55.0,1.01
511,Hong Kong,41,HK,1592243394,70,22.29,114.16,84.0,10.0
512,Flin Flon,75,CA,1592243159,77,54.77,-101.86,68.0,2.24
513,Mossamedes,10,AO,1592243396,55,-15.2,12.15,73.72,4.05
514,Namatanai,100,PG,1592243399,78,-3.67,152.43,79.47,3.53
515,Kindu,34,CD,1592243400,60,-2.95,25.95,74.43,0.6
516,Bokhan,93,RU,1592243402,87,53.15,103.77,57.42,14.65
517,Otjiwarongo,0,NA,1592243403,34,-20.46,16.65,55.98,12.41
518,Rawson,100,AR,1592243404,48,-43.3,-65.1,54.66,19.37
519,Safi,73,MA,1592243406,64,32.3,-9.24,73.54,22.95
520,Marquette,5,US,1592243407,35,46.53,-87.63,69.8,12.75
521,Mareeba,90,AU,1592243408,94,-17.0,145.43,71.6,10.29
522,Puerto Quijarro,16,BO,1592243410,30,-17.78,-57.77,90.81,4.05
523,Philadelphia,75,US,1592243203,43,39.95,-75.16,77.0,10.29
524,Emerald,0,AU,1592243412,76,-23.53,148.17,55.4,12.75
525,Sabang,100,ID,1592243414,76,5.89,95.32,82.24,12.93
526,‘Ewa Beach,40,US,1592243415,61,21.32,-158.01,78.8,11.41
527,Ust'-Koksa,38,RU,1592243416,81,50.27,85.61,53.49,1.28
528,Anröchte,100,DE,1592243418,83,51.57,8.33,66.99,3.0
529,Opuwo,0,NA,1592243419,34,-18.06,13.84,62.38,9.35
530,São Félix do Xingu,87,BR,1592243420,57,-6.64,-51.99,86.81,5.37
531,Kruisfontein,95,ZA,1592243422,88,-34.0,24.73,53.69,4.5
532,Sitka,75,US,1592243423,81,57.05,-135.33,51.8,4.7
533,Harlingen,75,US,1592243424,55,26.19,-97.7,87.8,6.29
534,Tauá,29,BR,1592243426,59,-5.97,-40.3,81.9,13.33
535,Berlevåg,75,NO,1592243427,93,70.86,29.09,42.8,18.34
536,Wukari,57,NG,1592243428,69,7.85,9.78,83.28,5.73
537,Vao,0,NC,1592243430,71,-22.67,167.48,72.25,20.42
538,Muros,100,ES,1592243431,77,42.78,-9.06,64.0,10.0
539,Bondoukou,70,CI,1592243432,78,8.03,-2.8,81.05,1.32
540,Flagstaff,1,US,1592243366,9,35.2,-111.65,75.0,19.46
541,Maroantsetra,100,MG,1592243435,84,-15.43,49.73,71.71,8.48
542,Desaguadero,0,PE,1592243436,40,-16.57,-69.04,54.73,5.79
543,Bairiki Village,20,KI,1592243438,88,1.33,172.98,78.8,1.12
544,Santa Maria,75,BR,1592243313,93,-29.68,-53.81,51.8,4.7
545,Falam,100,MM,1592243440,100,22.92,93.68,63.48,2.93
546,Avera,90,US,1592243442,61,33.19,-82.53,77.0,11.41
547,Chacabuco,79,AR,1592243443,44,-34.64,-60.47,53.74,12.12
548,Atar,0,MR,1592243444,9,20.52,-13.05,110.08,19.08
549,Saint-Pierre,90,RE,1592243446,73,-21.34,55.48,71.6,10.29
550,Severobaykal'sk,27,RU,1592243447,66,55.65,109.32,53.71,2.98
551,Soyo,26,AO,1592243448,88,-6.13,12.37,72.91,9.37
552,Impfondo,95,CG,1592243450,72,1.64,18.07,78.31,1.32
553,Hirara,93,JP,1592243451,82,24.8,125.28,83.59,14.99
554,Wanaka,51,NZ,1592243452,78,-44.7,169.15,45.82,3.98
555,Coahuayana Viejo,40,MX,1592243454,66,18.73,-103.68,84.2,7.2
556,Porto San Giorgio,65,IT,1592243456,84,43.18,13.79,69.01,1.01
557,Korla,0,CN,1592243458,42,41.76,86.15,75.0,4.0
558,Stolin,56,BY,1592243459,92,51.89,26.85,66.47,5.35
559,Mutare,25,ZW,1592243460,76,-18.97,32.67,52.34,3.4
560,Thai Nguyen,87,VN,1592243462,83,21.59,105.84,82.4,6.93
561,Dali,88,CN,1592243463,84,25.7,100.18,65.97,5.77
562,Jérémie,67,HT,1592243464,66,18.65,-74.12,85.75,4.29
563,Németkér,74,HU,1592243466,87,46.72,18.76,67.21,7.27
564,Aller,100,ES,1592243467,69,43.12,-5.58,63.0,4.0
565,Oktyabr'skoye,88,RU,1592243468,69,43.06,44.74,73.4,4.47
566,Phalodi,17,IN,1592243470,10,27.13,72.37,103.95,11.01
567,Sur,82,OM,1592243471,58,22.57,59.53,90.1,11.86
568,Tongren,21,CN,1592243474,88,27.72,109.19,75.25,2.82
569,Brae,37,GB,1592243475,55,60.4,-1.35,66.2,16.11
570,Port Augusta,0,AU,1592243476,87,-32.5,137.77,50.0,8.05
571,Makassar,20,ID,1592243478,100,-5.14,119.42,77.0,2.24
572,Yārāda,75,IN,1592243461,84,17.65,83.27,86.0,5.82
573,Kodino,23,RU,1592243480,54,63.72,39.64,67.84,7.27
574,Andenes,75,NO,1592243482,70,69.31,16.12,46.4,9.17
575,Itarema,5,BR,1592243483,69,-2.92,-39.92,85.03,10.78
576,Cuamba,52,MZ,1592243484,81,-14.8,36.54,61.47,7.43
577,Fuerte Olimpo,0,PY,1592243486,41,-21.04,-57.87,87.67,7.7
578,Yeppoon,75,AU,1592243487,77,-23.13,150.73,64.4,4.7
579,Ouallam,0,NE,1592243488,19,14.32,2.09,105.55,1.48
580,Ayorou,9,NE,1592243490,16,14.73,0.92,107.38,2.26
581,Buncrana,20,IE,1592243491,88,55.13,-7.45,62.6,12.75
582,Saint-Joseph,90,RE,1592243492,73,-21.37,55.62,71.6,10.29
583,Corner Brook,40,CA,1592243494,42,48.97,-57.95,68.0,12.75
584,Lompoc,14,US,1592243276,68,34.64,-120.46,73.99,9.17
585,Mayo,1,US,1592243496,49,38.89,-76.51,75.99,12.75
586,Pozzallo,20,IT,1592243498,24,36.73,14.85,80.6,18.34
587,Le Mans,69,FR,1592243499,88,48.0,0.2,62.6,2.24
588,Eureka,90,US,1592243462,100,40.8,-124.16,63.0,7.74
589,Socond,100,RO,1592243502,94,47.57,22.95,70.0,3.36
590,Kulu,76,TR,1592243503,68,39.1,33.08,64.85,1.74
591,Kurchum,32,KZ,1592243504,50,48.57,83.65,62.13,9.13
592,Pizarro,75,CO,1592243506,76,4.95,-77.37,83.25,6.96
593,Pochutla,5,MX,1592243503,52,15.74,-96.47,91.99,7.72
594,Yerofey Pavlovich,67,RU,1592243508,79,53.97,121.97,57.29,2.35
595,Tautira,75,PF,1592243510,78,-17.73,-149.15,77.0,3.36
596,Greenwood,90,US,1592243511,68,34.17,-82.12,73.0,5.82
597,Acajutla,20,SV,1592243512,66,13.59,-89.83,87.8,4.7
598,Columbia,90,US,1592243514,68,34.0,-81.03,69.01,8.05
599,Yerbogachën,71,RU,1592243515,70,61.28,108.01,49.3,4.43
600,Madimba,40,TZ,1592243516,69,-10.4,40.33,73.4,5.82
601,Brande,9,DK,1592243518,43,55.94,9.12,77.0,4.7
602,Colgong,100,IN,1592243519,87,25.27,87.22,81.59,8.7
603,Pundaguitan,85,PH,1592243521,79,6.37,126.17,81.91,10.04
604,Tabou,96,CI,1592243522,83,4.42,-7.35,79.18,7.94
605,Basoko,32,CD,1592243523,77,1.24,23.62,77.18,0.98
606,Makakilo City,40,US,1592243525,73,21.35,-158.09,78.8,4.7
607,Bogale,98,MM,1592243526,89,16.28,95.4,79.56,6.2
608,Tuy Hoa,100,VN,1592243505,88,13.08,109.3,78.58,3.29
609,Sabzawār,25,IR,1592243530,12,36.21,57.68,89.33,8.63
610,Maţāy,0,EG,1592243531,22,28.42,30.78,85.77,12.68
611,Sibu,98,MY,1592243533,98,2.3,111.82,73.62,3.33
612,Santa Cruz de la Sierra,8,BO,1592243534,47,-17.8,-63.17,78.8,9.17
613,Warkworth,100,NZ,1592243535,95,-36.4,174.67,52.0,1.99
614,Kudahuvadhoo,96,MV,1592243536,77,2.67,72.89,84.0,15.41
615,Baghdad,22,IQ,1592243453,19,33.34,44.4,98.6,4.7
616,Hamilton,75,US,1592243477,60,39.18,-84.53,75.0,5.75
617,Stony Plain,75,CA,1592243512,71,53.53,-114.0,57.2,13.87
618,Almaznyy,20,RU,1592243542,57,48.04,40.05,75.2,8.95
619,Aleksandrovskiy Zavod,6,RU,1592243543,69,50.92,117.94,56.53,1.99
620,Sobolevo,91,RU,1592243544,94,54.43,31.9,65.75,5.53
621,Bumba,99,CD,1592243546,92,2.18,22.47,73.54,2.93
622,San Policarpo,100,PH,1592243547,75,12.18,125.51,80.2,3.38
623,Anadyr,64,RU,1592243548,93,64.75,177.48,37.4,8.66
624,Dakar,5,SN,1592243299,78,14.69,-17.44,82.4,6.93
625,Kolondiéba,18,ML,1592243552,31,11.09,-6.89,97.09,4.41
626,Mileanca,28,RO,1592243554,67,48.08,26.7,75.0,3.02
627,Kualakapuas,8,ID,1592243555,97,-3.01,114.39,74.52,3.47
628,Burgeo,81,CA,1592243556,79,47.62,-57.62,55.71,9.46
629,Tarboro,90,US,1592243558,93,35.9,-77.54,64.4,8.05
630,Valparaíso,75,CL,1592243559,100,-33.04,-71.63,57.2,18.34
